Agemos,L,M,S,P3,P10,P25,P50,P75,P90,P97
24,-0.98660853,16.42339664,0.085451785,14.1473467,14.80134054,15.52807587,16.42339664,17.42745659,18.44139317,19.56410958
24.5,-1.024496827,16.38804056,0.085025838,14.13226271,14.77964811,15.49975639,16.38804056,17.38581552,18.39526372,19.51534333
25.5,-1.102698353,16.3189719,0.084214052,14.10240814,14.73694628,15.44421901,16.3189719,17.30484811,18.30610782,19.42197989
26.5,-1.18396635,16.25207985,0.083455124,14.07297394,14.6951581,15.39014846,16.25207985,17.2269319,18.22103253,19.33410382
27.5,-1.268071036,16.18734669,0.082748284,14.04396337,14.65428696,15.33754218,16.18734669,17.15202498,18.13997016,19.25163039
28.5,-1.354751525,16.12475448,0.082092737,14.01538008,14.61433601,15.28639717,16.12475448,17.08008556,18.06285334,19.17447582
29.5,-1.443689692,16.06428762,0.081487717,13.98722569,14.57530775,15.23671134,16.06428762,17.01107457,17.98961595,19.10255392
30.5,-1.53454192,16.00593001,0.080932448,13.95950246,14.53720437,15.18848189,16.00593001,16.94495296,17.92019231,19.03577948
31.5,-1.626928093,15.94966631,0.080426175,13.93221207,14.50002752,15.14170598,15.94966631,16.88168308,17.85451773,18.97406651
32.5,-1.720434829,15.89548197,0.079968176,13.90535562,14.46377827,15.09638064,15.89548197,16.82122877,17.79252859,18.91732801
33.5,-1.814635262,15.84336179,0.079557735,13.87893492,14.42845728,15.05250203,15.84336179,16.763554,17.73416201,18.86547771
34.5,-1.909076262,15.79329146,0.079194187,13.852951,14.39406456,15.01006617,15.79329146,16.70862449,17.67935646,18.81842784
35.5,-2.003296102,15.7452564,0.078876895,13.82740517,14.36059959,14.96906838,15.7452564,16.65640663,17.62805146,18.7760905
36.5,-2.096828937,15.69924188,0.078605255,13.80229888,14.32806133,14.92950329,15.69924188,16.60686761,17.5801877,18.73837743
37.5,-2.189211877,15.65523282,0.078378696,13.77763382,14.29644823,14.89136478,15.65523282,16.55997523,17.53570705,18.70520011
38.5,-2.279991982,15.61321371,0.078196674,13.75341201,14.26575827,14.85464591,15.61321371,16.51569783,17.49455256,18.67646985
39.5,-2.368732949,15.57316843,0.078058667,13.72963586,14.23598902,14.81933896,15.57316843,16.4740041,17.45666842,18.65209796
40.5,-2.455021314,15.53508019,0.077964169,13.70630824,14.20713766,14.78543535,15.53508019,16.43486298,17.42199993,18.63199585
41.5,-2.538471972,15.49893145,0.077912684,13.68343254,14.17920105,14.75292568,15.49893145,16.39824347,17.39049347,18.61607518
42.5,-2.618732901,15.46470384,0.077903716,13.66101266,14.15217581,14.72179977,15.46470384,16.36411453,17.36209639,18.60424802
43.5,-2.695488973,15.43237817,0.077936763,13.63905306,14.12605833,14.69204668,15.43237817,16.33244497,17.33675699,18.59642696
44.5,-2.768464816,15.40193436,0.078011309,13.61755872,14.10084485,14.6636548,15.40193436,16.30320336,17.31442438,18.59252526
45.5,-2.837426693,15.37335154,0.078126817,13.59653518,14.07653151,14.63661186,15.37335154,16.27635793,17.29504843,18.59245694
46.5,-2.902178205,15.34660842,0.078282739,13.57598804,14.05311425,14.61090523,15.34660842,16.25187703,17.27857995,18.59613624
47.5,-2.962580386,15.32168181,0.078478449,13.55592455,14.03058936,14.58652134,15.32168181,16.22972719,17.2649696,18.6034803
48.5,-3.018521987,15.29854897,0.078713325,13.53635124,14.00895279,14.56344665,15.29854897,16.20987583,17.25416922,18.61440545
49.5,-3.069936555,15.27718618,0.078986694,13.51727537,13.98820066,14.54166718,15.27718618,16.19228952,17.24613088,18.62882971
50.5,-3.116795864,15.2575692,0.079297841,13.49870449,13.96832912,14.52116867,15.2575692,16.17693441,17.24080701,18.64667225
51.5,-3.159107331,15.23967338,0.079646006,13.48064637,13.94933441,14.50193674,15.23967338,16.16377626,17.23815034,18.66785338
52.5,-3.196911083,15.22347371,0.080030389,13.46310899,13.93121283,14.48395686,15.22347371,16.15278049,17.23811389,18.6922946
53.5,-3.230276759,15.20894491,0.080450145,13.44610041,13.91396079,14.46721445,15.20894491,16.14391221,17.24065086,18.71991859
54.5,-3.259300182,15.19606152,0.080904391,13.42962877,13.89757474,14.45169495,15.19606152,16.13713628,17.24571467,18.75064919
55.5,-3.284099963,15.18479799,0.081392203,13.41370222,13.88205123,14.4373838,15.18479799,16.13241736,17.25325891,18.78441142
56.5,-3.30481415,15.17512871,0.081912623,13.39832882,13.8673869,14.42426656,15.17512871,16.12971996,17.2632373,18.82113141
57.5,-3.321596954,15.16702811,0.082464661,13.38351658,13.8535784,14.41232886,15.16702811,16.12900854,17.27560372,18.86073644
58.5,-3.334615646,15.16047068,0.083047295,13.36927334,13.84062247,14.40155647,15.16047068,16.13024748,17.29031217,18.90315485
59.5,-3.344047622,15.15543107,0.083659478,13.35560679,13.82851587,14.39193532,15.15543107,16.13340121,17.30731682,18.94831604
60.5,-3.35007771,15.15188405,0.084300139,13.34252439,13.81725538,14.38345148,15.15188405,16.13843423,17.32657196,18.99615046
61.5,-3.352893805,15.14980479,0.0849682,13.33003322,13.80683773,14.37609125,15.14980479,16.14531133,17.34803218,19.04658918
62.5,-3.352691376,15.14916825,0.085662539,13.31814053,13.79725982,14.36984096,15.14916825,16.15399692,17.37165187,19.09956514
63.5,-3.34966438,15.14994984,0.086382035,13.3068531,13.78851848,14.3646872,15.14994984,16.16445581,17.39738575,19.15501183
64.5,-3.343998803,15.15212585,0.087125591,13.29617673,13.78061022,14.3606169,15.15212585,16.17665394,17.42518932,19.21286229
65.5,-3.335889574,15.15567186,0.087892047,13.28611805,13.77353197,14.35761687,15.15567186,16.19055603,17.45501735,19.27305261
66.5,-3.325522491,15.16056419,0.088680264,13.27668282,13.76728041,14.35567422,15.16056419,16.20612774,17.48682523,19.33551875
67.5,-3.31307846,15.16677947,0.089489106,13.26787651,13.76185216,14.35477623,15.16677947,16.22333502,17.52056863,19.40019747
68.5,-3.298732648,15.17429464,0.090317434,13.25970423,13.75724378,14.35491035,15.17429464,16.24214414,17.55620345,19.46702632
69.5,-3.282653831,15.18308694,0.091164117,13.25217076,13.75345175,14.35606415,15.18308694,16.26252167,17.5936859,19.53594365
70.5,-3.265003896,15.1931339,0.092028028,13.24528055,13.75047248,14.35822537,15.1931339,16.28443453,17.63297244,19.60688859
71.5,-3.245937506,15.20441335,0.092908048,13.23903773,13.74830229,14.36138186,15.20441335,16.30784995,17.67401984,19.67980103
72.5,-3.225606516,15.21690296,0.093803033,13.23344678,13.74693776,14.36552155,15.21690296,16.33273474,17.7167845,19.75462234
73.5,-3.204146115,15.2305815,0.094711916,13.22851054,13.74637473,14.37063258,15.2305815,16.35905747,17.7612244,19.83129333
74.5,-3.181690237,15.24542745,0.095633595,13.22423251,13.74660941,14.37670312,15.24542745,16.38678602,17.80729692,19.90975644
75.5,-3.158363475,15.26141966,0.096566992,13.22061564,13.74763782,14.38372148,15.26141966,16.41588887,17.85496,19.9899546
76.5,-3.134282833,15.27853728,0.097511046,13.21766256,13.74945586,14.39167606,15.27853728,16.44633482,17.90417191,20.07183146
77.5,-3.109557879,15.29675967,0.09846471,13.21537563,13.75205934,14.40055533,15.29675967,16.478093,17.95489128,20.15533137
78.5,-3.084290931,15.31606644,0.099426955,13.2137569,13.75544399,14.41034784,15.31606644,16.51113288,18.00707707,20.24039941
79.5,-3.058577292,15.33643745,0.100396769,13.21280815,13.7596054,14.42104223,15.33643745,16.54542424,18.06068861,20.32698132
80.5,-3.032505499,15.35785274,0.101373159,13.21253087,13.76453911,14.43262719,15.35785274,16.58093719,18.11568557,20.41502357
81.5,-3.0061576,15.38029261,0.10235515,13.2129263,13.7702405,14.44509148,15.38029261,16.61764214,18.17202801,20.5044733
82.5,-2.979609448,15.40373754,0.103341788,13.21399541,13.77670491,14.4584239,15.40373754,16.65550982,18.22967635,20.59527834
83.5,-2.952930993,15.42816819,0.104332139,13.2157389,13.78392751,14.4726133,15.42816819,16.69451128,18.28859138,20.68738721
84.5,-2.926186592,15.45356545,0.105325289,13.21815723,13.79190343,14.48764859,15.45356545,16.73461785,18.34873428,20.7807491
85.5,-2.899435307,15.47991037,0.106320346,13.22125062,13.80062765,14.50351871,15.47991037,16.77580119,18.4100666,20.8753139
86.5,-2.872731211,15.50718419,0.10731644,13.22501902,13.81009508,14.52021262,15.50718419,16.81803321,18.47255029,20.97103216
87.5,-2.846123683,15.53536829,0.108312721,13.22946217,13.82030049,14.53771933,15.53536829,16.86128616,18.53614768,21.06785511
88.5,-2.819657704,15.56444426,0.109308364,13.23457958,13.83123858,14.55602787,15.56444426,16.90553254,18.60082149,21.16573466
89.5,-2.793374145,15.5943938,0.110302563,13.24037052,13.84290393,14.57512728,15.5943938,16.95074515,18.66653485,21.2646234
90.5,-2.767310047,15.6251988,0.111294537,13.24683405,13.85529103,14.59500664,15.6251988,16.99689705,18.73325124,21.3644746
91.5,-2.741498897,15.65684126,0.112283526,13.25396902,13.86839426,14.61565502,15.65684126,17.04396158,18.80093458,21.46524221
92.5,-2.715970894,15.68930333,0.113268793,13.26177409,13.8822079,14.63706153,15.68930333,17.09191233,18.86954915,21.56688088
93.5,-2.690753197,15.7225673,0.114249622,13.27024769,13.89672614,14.65921526,15.7225673,17.14072316,18.93905963,21.66934595
94.5,-2.665870146,15.75661555,0.115225321,13.27938808,13.91194308,14.68210532,15.75661555,17.19036814,19.00943108,21.77259347
95.5,-2.641343436,15.79143062,0.116195218,13.28919334,13.9278527,14.70572083,15.79143062,17.24082164,19.08062897,21.87658015
96.5,-2.617192204,15.82699517,0.117158667,13.2996613,13.9444489,14.7300509,15.82699517,17.29205828,19.15261918,21.98126336
97.5,-2.593430614,15.86329241,0.118115073,13.31078904,13.96172519,14.75508471,15.86329241,17.34405364,19.22536854,22.08660008
98.5,-2.570076037,15.90030484,0.119063807,13.32257456,13.97967549,14.78081132,15.90030484,17.39678222,19.29884326,22.19254999
99.5,-2.547141473,15.93801545,0.12000429,13.33501512,13.99829338,14.80721981,15.93801545,17.45021936,19.3730104,22.29907253
100.5,-2.524635245,15.97640787,0.120935994,13.34810726,14.01757212,14.83429943,15.97640787,17.50434149,19.44783809,22.4061266
101.5,-2.502569666,16.01546483,0.121858355,13.36184843,14.0375053,14.86203913,16.01546483,17.55912371,19.52329364,22.51367407
102.5,-2.48095189,16.05516984,0.12277087,13.37623516,14.05808613,14.89042805,16.05516984,17.61454239,19.59934557,22.62167597
103.5,-2.459785573,16.09550688,0.123673085,13.39126329,14.07930747,14.91945533,16.09550688,17.67057478,19.67596331,22.73009308
104.5,-2.439080117,16.13645881,0.124564484,13.40693007,14.1011628,14.94910996,16.13645881,17.72719638,19.75311515,22.8388898
105.5,-2.418838304,16.17800955,0.125444639,13.42323134,14.12364494,14.97938101,16.17800955,17.78438449,19.830771,22.94802887
106.5,-2.399063683,16.22014281,0.126313121,13.44016315,14.1467468,15.01025752,16.22014281,17.84211614,19.90890079,23.05747448
107.5,-2.379756861,16.26284277,0.127169545,13.45772088,14.17046092,15.04172856,16.26284277,17.9003692,19.98747533,23.16719057
108.5,-2.360920527,16.30609316,0.128013515,13.47590046,14.19478013,15.0737831,16.30609316,17.95912092,20.06646519,23.27714304
109.5,-2.342557728,16.34987759,0.128844639,13.49469797,14.21969726,15.10641007,16.34987759,18.01834843,20.14584104,23.38729906
110.5,-2.324663326,16.39418118,0.129662637,13.51410735,14.24520415,15.13959859,16.39418118,18.07803138,20.22557581,23.49762289
111.5,-2.307240716,16.43898741,0.130467138,13.53412476,14.27129365,15.17333749,16.43898741,18.13814687,20.30564061,23.60808381
112.5,-2.290287663,16.48428082,0.131257852,13.55474487,14.29795787,15.20761574,16.48428082,18.19867379,20.38600821,23.71864933
113.5,-2.273803847,16.53004554,0.132034479,13.5759628,14.32518913,15.24242219,16.53004554,18.25959047,20.46665117,23.82928884
114.5,-2.257782149,16.57626713,0.132796819,13.59777181,14.35297886,15.27774591,16.57626713,18.32087764,20.5475442,23.9399692
115.5,-2.242227723,16.62292864,0.133544525,13.62016849,14.38132004,15.31357557,16.62292864,18.38251202,20.628659,24.05066418
116.5,-2.227132805,16.67001572,0.134277436,13.64314567,14.4102038,15.34990008,16.67001572,18.44447472,20.70997108,24.16134214
117.5,-2.212495585,16.71751288,0.134995324,13.66669786,14.43962209,15.38670828,16.71751288,18.50674506,20.79145469,24.27197506
118.5,-2.19831275,16.76540496,0.135697996,13.69081905,14.46956659,15.42398894,16.76540496,18.56930296,20.87308482,24.38253502
119.5,-2.184580762,16.81367689,0.136385276,13.71550304,14.50002883,15.46173083,16.81367689,18.63212859,20.9548369,24.49299479
120.5,-2.171295888,16.86231366,0.137057004,13.7407435,14.5310003,15.49992271,16.86231366,18.69520235,21.03668675,24.60332779
121.5,-2.158454232,16.91130036,0.137713039,13.7665339,14.56247234,15.53855329,16.91130036,18.75850486,21.11861063,24.7135081
122.5,-2.146051754,16.96062216,0.138353254,13.79286758,14.59443621,15.57761127,16.96062216,18.82201698,21.20058521,24.8235105
123.5,-2.134084303,17.0102643,0.138977537,13.81973772,14.62688307,15.61708531,17.0102643,18.8857198,21.28258757,24.93331042
124.5,-2.122547629,17.06021213,0.139585795,13.84713731,14.65980398,15.65696405,17.06021213,18.94959465,21.36459523,25.04288396
125.5,-2.111437411,17.11045106,0.140177947,13.87505922,14.69318989,15.69723611,17.11045106,19.01362305,21.44658611,25.1522079
126.5,-2.100749266,17.16096656,0.140753927,13.90349614,14.72703166,15.73789008,17.16096656,19.07778681,21.52853856,25.26125968
127.5,-2.090478774,17.21174424,0.141313686,13.9324406,14.76132003,15.77891452,17.21174424,19.14206792,21.61043134,25.37001743
128.5,-2.080621484,17.26276973,0.141857186,13.96188497,14.79604567,15.82029796,17.26276973,19.20644863,21.69224364,25.47845992
129.5,-2.071172932,17.31402878,0.142384404,13.99182148,14.83119912,15.86202891,17.31402878,19.2709114,21.77395506,25.58656661
130.5,-2.062128649,17.3655072,0.142895332,14.02224218,14.86677084,15.90409584,17.3655072,19.33543894,21.85554562,25.69431763
131.5,-2.053484173,17.4171909,0.143389972,14.05313898,14.90275116,15.94648722,17.4171909,19.40001418,21.93699575,25.80169379
132.5,-2.045235058,17.46906585,0.143868341,14.0845036,14.93913036,15.98919146,17.46906585,19.46462028,22.01828633,25.90867656
133.5,-2.03737688,17.52111811,0.144330469,14.11632765,14.97589856,16.03219696,17.52111811,19.52924064,22.09939861,26.01524807
134.5,-2.029906684,17.57333347,0.144776372,14.14860307,15.01304607,16.07549205,17.57333347,19.59385826,22.18031382,26.12139201
135.5,-2.022817914,17.62569869,0.145206138,14.18132032,15.05056245,16.11906513,17.62569869,19.65845792,22.26101479,26.22709056
136.5,-2.016107084,17.67819987,0.145619819,14.21447084,15.08843769,16.1629045,17.67819987,19.72302336,22.34148377,26.33232837
137.5,-2.009769905,17.7308234,0.146017491,14.24804556,15.12666154,16.20699844,17.7308234,19.78753889,22.42170373,26.43709027
138.5,-2.003802134,17.78355575,0.146399239,14.28203528,15.16522362,16.25133521,17.78355575,19.85198907,22.50165801,26.54136175
139.5,-1.998199572,17.83638347,0.146765161,14.31643062,15.20411349,16.29590305,17.83638347,19.91635869,22.58133043,26.64512897
140.5,-1.992958064,17.88929321,0.147115364,14.35122206,15.24332057,16.34069017,17.88929321,19.98063276,22.66070517,26.74837878
141.5,-1.988073505,17.94227168,0.147449967,14.3863999,15.28283421,16.38568475,17.94227168,20.04479655,22.73976686,26.85109867
142.5,-1.983541835,17.9953057,0.147769097,14.42195429,15.32264362,16.43087493,17.9953057,20.10883554,22.81850056,26.95327681
143.5,-1.979359041,18.04838216,0.148072891,14.45787522,15.36273794,16.47624886,18.04838216,20.17273546,22.89689172,27.05490205
144.5,-1.975521156,18.10148804,0.148361495,14.4941525,15.40310619,16.52179463,18.10148804,20.23648228,22.97492622,27.15596389
145.5,-1.972024258,18.15461039,0.148635067,14.53077581,15.44373731,16.56750033,18.15461039,20.30006219,23.05259037,27.25645252
146.5,-1.968864465,18.20773639,0.148893769,14.56773463,15.4846201,16.61335399,18.20773639,20.36346164,23.12987089,27.35635878
147.5,-1.966037938,18.26085325,0.149137776,14.6050183,15.52574328,16.65934366,18.26085325,20.42666729,23.20675491,27.45567419
148.5,-1.963540872,18.31394832,0.14936727,14.64261599,15.56709547,16.70545732,18.31394832,20.48966607,23.28322999,27.55439092
149.5,-1.961369499,18.36700902,0.149582439,14.68051671,15.60866519,16.75168297,18.36700902,20.55244514,23.35928412,27.65250183
150.5,-1.959520079,18.42002284,0.149783482,14.7187093,15.65044083,16.79800855,18.42002284,20.61499187,23.43490568,27.75000043
151.5,-1.9579889,18.47297739,0.149970604,14.75718241,15.6924107,16.844422,18.47297739,20.67729392,23.51008349,27.8468809
152.5,-1.956772271,18.52586035,0.15014402,14.79592458,15.734563,16.89091121,18.52586035,20.73933915,23.58480678,27.9431381
153.5,-1.95586652,18.57865951,0.15030395,14.83492412,15.77688582,16.93746408,18.57865951,20.80111569,23.65906521,28.03876753
154.5,-1.955267984,18.63136275,0.150450621,14.87416922,15.81936717,16.98406846,18.63136275,20.86261191,23.73284885,28.13376538
155.5,-1.954973011,18.68395801,0.15058427,14.91364786,15.86199492,17.0307122,18.68395801,20.9238164,23.80614819,28.22812848
156.5,-1.954977947,18.73643338,0.150705138,14.95334789,15.90475685,17.07738309,18.73643338,20.98471803,23.87895414,28.32185435
157.5,-1.955279136,18.788777,0.150813475,14.99325696,15.94764066,17.12406895,18.788777,21.04530589,23.95125804,28.41494115
158.5,-1.955872909,18.84097713,0.150909535,15.03336257,15.9906339,17.17075754,18.84097713,21.10556932,24.02305164,28.50738772
159.5,-1.956755579,18.89302212,0.150993582,15.07365202,16.03372404,17.21743662,18.89302212,21.16549792,24.0943271,28.59919355
160.5,-1.957923436,18.94490041,0.151065883,15.11411246,16.07689846,17.2640939,18.94490041,21.22508152,24.16507702,28.69035881
161.5,-1.959372737,18.99660055,0.151126714,15.15473086,16.1201444,17.31071712,18.99660055,21.28431023,24.23529442,28.7808843
162.5,-1.9610997,19.04811118,0.151176355,15.19549401,16.16344901,17.35729394,19.04811118,21.34317438,24.30497273,28.8707715
163.5,-1.963100496,19.09942105,0.151215094,15.23638853,16.20679934,17.40381205,19.09942105,21.40166456,24.37410579,28.96002256
164.5,-1.96537124,19.15051899,0.151243223,15.27740086,16.25018232,17.45025909,19.15051899,21.45977162,24.4426879,29.04864025
165.5,-1.967907983,19.20139397,0.151261042,15.31851726,16.2935848,17.4966227,19.20139397,21.51748666,24.51071375,29.13662805
166.5,-1.970706706,19.25203503,0.151268855,15.35972381,16.33699348,17.54289048,19.25203503,21.57480102,24.57817846,29.22399004
167.5,-1.973763307,19.30243131,0.151266974,15.40100642,16.38039498,17.58905003,19.30243131,21.63170632,24.64507758,29.31073101
168.5,-1.977073595,19.35257209,0.151255713,15.44235082,16.42377582,17.63508894,19.35257209,21.68819441,24.71140708,29.39685635
169.5,-1.980633277,19.40244671,0.151235395,15.48374254,16.46712239,17.68099474,19.40244671,21.74425743,24.77716335,29.48237214
170.5,-1.984437954,19.45204465,0.151206347,15.52516693,16.51042098,17.72675499,19.45204465,21.79988774,24.8423432,29.56728511
171.5,-1.988483106,19.50135548,0.151168902,15.56660919,16.55365778,17.7723572,19.50135548,21.855078,24.90694389,29.65160263
172.5,-1.992764085,19.55036888,0.151123398,15.60805429,16.59681886,17.81778887,19.55036888,21.90982109,24.97096308,29.73533271
173.5,-1.997276103,19.59907464,0.15107018,15.64948704,16.63989017,17.86303751,19.59907464,21.96411019,25.03439887,29.81848403
174.5,-2.002014224,19.64746266,0.151009595,15.69089206,16.68285759,17.90809056,19.64746266,22.01793871,25.09724977,29.90106591
175.5,-2.00697335,19.69552294,0.150942,15.73225378,16.72570683,17.95293549,19.69552294,22.07130033,25.15951476,29.9830883
176.5,-2.012148213,19.7432456,0.150867753,15.77355644,16.76842355,17.99755974,19.7432456,22.12418902,25.22119319,30.06456182
177.5,-2.017533363,19.79062086,0.150787221,15.8147841,16.81099326,18.04195071,19.79062086,22.17659899,25.28228489,30.14549772
178.5,-2.023123159,19.83763907,0.150700774,15.85592062,16.85340136,18.08609581,19.83763907,22.22852472,25.3427901,30.22590789
179.5,-2.028911755,19.88429066,0.150608788,15.89694967,16.89563315,18.12998242,19.88429066,22.27996095,25.40270949,30.30580486
180.5,-2.034893091,19.9305662,0.150511645,15.93785473,16.93767383,18.17359792,19.9305662,22.33090272,25.46204417,30.3852018
181.5,-2.041060881,19.97645636,0.150409731,15.97861909,16.97950845,18.21692964,19.97645636,22.3813453,25.52079568,30.46411251
182.5,-2.047408604,20.02195192,0.15030344,16.01922586,17.02112198,18.25996492,20.02195192,22.43128425,25.578966,30.54255145
183.5,-2.05392949,20.06704377,0.150193169,16.05965792,17.06249925,18.30269107,20.06704377,22.4807154,25.63655753,30.62053368
184.5,-2.060616513,20.11172291,0.150079322,16.09989799,17.10362501,18.34509539,20.11172291,22.52963484,25.69357313,30.69807493
185.5,-2.067462375,20.15598047,0.149962308,16.13992859,17.14448385,18.38716515,20.15598047,22.57803895,25.75001608,30.77519152
186.5,-2.074459502,20.19980767,0.14984254,16.17973203,17.18506029,18.42888762,20.19980767,22.62592435,25.80589011,30.85190042
187.5,-2.081600029,20.24319586,0.149720441,16.21929043,17.22533871,18.47025003,20.24319586,22.67328797,25.86119939,30.92821925
188.5,-2.088875793,20.28613648,0.149596434,16.25858573,17.26530336,18.5112396,20.28613648,22.72012699,25.91594853,31.00416621
189.5,-2.096278323,20.32862109,0.149470953,16.29759966,17.30493841,18.55184353,20.32862109,22.76643886,25.97014258,31.07976017
190.5,-2.103798828,20.37064138,0.149344433,16.33631375,17.34422789,18.592049,20.37064138,22.81222132,26.02378703,31.15502058
191.5,-2.111428194,20.41218911,0.149217319,16.37470935,17.38315572,18.63184317,20.41218911,22.85747235,26.07688783,31.22996756
192.5,-2.119156972,20.45325617,0.14909006,16.4127676,17.4217057,18.67121316,20.45325617,22.90219024,26.12945136,31.30462183
193.5,-2.126975375,20.49383457,0.14896311,16.45046946,17.4598615,18.7101461,20.49383457,22.94637354,26.18148447,31.37900471
194.5,-2.134873266,20.5339164,0.148836931,16.48779567,17.49760671,18.74862906,20.5339164,22.99002104,26.23299442,31.45313817
195.5,-2.142840157,20.57349387,0.148711989,16.52472682,17.53492476,18.78664912,20.57349387,23.03313184,26.28398896,31.5270448
196.5,-2.150865204,20.61255929,0.148588757,16.56124326,17.57179899,18.82419331,20.61255929,23.07570528,26.33447627,31.6007478
197.5,-2.158937201,20.65110506,0.148467715,16.59732518,17.60821261,18.86124863,20.65110506,23.11774099,26.38446498,31.67427098
198.5,-2.167044578,20.6891237,0.148349348,16.63295257,17.64414872,18.89780209,20.6891237,23.15923885,26.43396418,31.74763877
199.5,-2.175176987,20.72660728,0.14823412,16.6681059,17.67959061,18.93384056,20.72660728,23.2001981,26.48298259,31.8208776
200.5,-2.183317362,20.76355011,0.148122614,16.70276277,17.71452019,18.96935117,20.76355011,23.24062188,26.53153263,31.89400908
201.5,-2.191457792,20.79994337,0.148015249,16.73690461,17.74892115,19.00432062,20.79994337,23.28050814,26.57962232,31.96706354
202.5,-2.199583649,20.83578051,0.147912564,16.77050999,17.78277581,19.03873583,20.83578051,23.31985872,26.62726338,32.04006655
203.5,-2.207681525,20.87105449,0.147815078,16.80355796,17.81606667,19.07258364,20.87105449,23.35867482,26.67446717,32.11304561
204.5,-2.215737645,20.90575839,0.147723315,16.83602739,17.8487761,19.10585083,20.90575839,23.39695789,26.7212455,32.18602887
205.5,-2.223739902,20.93988477,0.147637768,16.86789789,17.88088689,19.13852417,20.93988477,23.43470854,26.76760965,32.25904682
206.5,-2.231667995,20.97342858,0.147559083,16.89914528,17.91237975,19.1705904,20.97342858,23.4719319,26.81357526,32.33212376
207.5,-2.239511942,21.00638171,0.147487716,16.92975012,17.9432379,19.20203617,21.00638171,23.50862756,26.85915312,32.40529387
208.5,-2.247257081,21.0387374,0.14742421,16.95969079,17.97344339,19.23284815,21.0387374,23.54479768,26.90435663,32.47858818
209.5,-2.254885145,21.07048996,0.147369174,16.98894397,18.00297732,19.26301292,21.07048996,23.58044651,26.94920132,32.55203545
210.5,-2.26238209,21.10163241,0.147323144,17.01748828,18.03182181,19.29251705,21.10163241,23.61557603,26.9937009,32.62566902
211.5,-2.269731517,21.13215845,0.147286698,17.0453012,18.05995835,19.32134706,21.13215845,23.65018962,27.03787056,32.69952105
212.5,-2.276917229,21.16206171,0.147260415,17.07236026,18.08736842,19.34948942,21.16206171,23.68429059,27.08172575,32.77362474
213.5,-2.283925442,21.1913351,0.147244828,17.09864412,18.11403409,19.37693055,21.1913351,23.71788103,27.12528094,32.84801632
214.5,-2.290731442,21.21997472,0.147240683,17.12412619,18.13993458,19.4036568,21.21997472,23.75096919,27.16855668,32.92272296
215.5,-2.29732427,21.24797262,0.147248467,17.14878634,18.16505254,19.4296545,21.24797262,23.78355579,27.21156668,32.9977851
216.5,-2.303687802,21.27532239,0.14726877,17.17260194,18.18936927,19.45490996,21.27532239,23.81564452,27.25432769,33.07323931
217.5,-2.309799971,21.30201933,0.147302299,17.19554744,18.21286444,19.47940934,21.30201933,23.84724252,27.29685999,33.14911749
218.5,-2.315651874,21.32805489,0.147349514,17.21760352,18.23552108,19.50313889,21.32805489,23.8783497,27.33917721,33.22546443
219.5,-2.32121731,21.35342563,0.147411215,17.23874246,18.25731763,19.52608462,21.35342563,23.90897582,27.38130268,33.30230965
220.5,-2.326481911,21.37812462,0.147487979,17.25894211,18.27823552,19.54823263,21.37812462,23.93912415,27.42325378,33.37969431
221.5,-2.331428139,21.40214589,0.147580453,17.2781787,18.29825524,19.5695689,21.40214589,23.96879993,27.46505002,33.45765732
222.5,-2.336038473,21.42548351,0.147689289,17.29642829,18.31735722,19.59007937,21.42548351,23.99800858,27.50671138,33.53623826
223.5,-2.34029545,21.44813156,0.14781515,17.31366688,18.33552175,19.60974989,21.44813156,24.02675569,27.54825824,33.61547736
224.5,-2.344181703,21.47008412,0.147958706,17.32987032,18.35272903,19.62856629,21.47008412,24.05504702,27.58971144,33.69541553
225.5,-2.34768,21.49133529,0.148120633,17.34501435,18.36895919,19.64651429,21.49133529,24.08288851,27.63109226,33.77609435
226.5,-2.350773286,21.51187918,0.148301619,17.35907462,18.38419225,19.66357958,21.51187918,24.11028624,27.67242239,33.8575561
227.5,-2.353444725,21.53170989,0.148502355,17.37202667,18.39840811,19.67974776,21.53170989,24.13724646,27.71372396,33.93984372
228.5,-2.355677743,21.55082155,0.148723546,17.38384594,18.41158663,19.69500438,21.55082155,24.16377555,27.75501954,34.02300086
229.5,-2.35745607,21.56920824,0.148965902,17.39450778,18.42370753,19.70933491,21.56920824,24.18988006,27.7963321,34.10707184
230.5,-2.358763788,21.58686406,0.149230142,17.40398745,18.43475047,19.72272474,21.58686406,24.21556667,27.83768505,34.1921017
231.5,-2.359585369,21.60378309,0.149516994,17.41226013,18.44469501,19.73515921,21.60378309,24.24084219,27.87910223,34.27813617
232.5,-2.359905726,21.61995939,0.149827195,17.41930091,18.45352064,19.74662357,21.61995939,24.26571357,27.92060786,34.3652217
233.5,-2.359710258,21.635387,0.150161492,17.42508482,18.46120675,19.757103,21.635387,24.29018788,27.9622266,34.45340544
234.5,-2.358980464,21.65006126,0.150520734,17.42958448,18.46773133,19.76658246,21.65006126,24.31427499,28.00398629,34.54273066
235.5,-2.357714508,21.6639727,0.150905439,17.43278087,18.47307706,19.77504736,21.6639727,24.33797514,28.04590512,34.6332581
236.5,-2.355892424,21.67711736,0.151316531,17.43464513,18.47722102,19.78248242,21.67711736,24.3613,28.08801335,34.72502979
237.5,-2.353501353,21.68948935,0.151754808,17.43515168,18.48014209,19.78887249,21.68948935,24.3842575,28.13033767,34.81809511
238.5,-2.350528726,21.70108288,0.152221086,17.43427465,18.48181892,19.79420232,21.70108288,24.40685591,28.17290543,34.91250374
239.5,-2.346962247,21.71189225,0.152716206,17.43198786,18.48222995,19.79845655,21.71189225,24.42910393,28.21574476,35.00830552
240,-2.34495843,21.71699934,0.152974718,17.43031075,18.48195582,19.80017572,21.71699934,24.44009565,28.23727135,35.05675093
240.5,-2.342796948,21.72190973,0.153240872,17.42826863,18.48135557,19.80161999,21.72190973,24.45100622,28.25887983,35.10555822
